[
    {
        "title": "Red Dead Redemption 1 + Undead Nightmare",
        "link": "https://buzzheavier.com/hy0e51nhccrk",
        "dev": "Rockstar Games",
        "img": "assets/rdr1.jpg",
        "type": "Game"
    },
    {
        "title": "Adobe Premiere Elements 2025",
        "link": "https://buzzheavier.com/heok7siyz19r",
        "dev": "m0nkrus",
        "img": "assets/premiere.jpg",
        "type": "App",
        "size": "19 KB (Torrent)"
    },
    {
        "title": "Grand Theft Auto V",
        "link": "https://buzzheavier.com/rkksxkwu6kef",
        "dev": "Rockstar North",
        "img": "assets/gta5.jpg",
        "type": "Game"
    },
    {
        "title": "Red Dead Redemption 2",
        "link": "https://buzzheavier.com/ck7nob6r1bcv",
        "dev": "Rockstar Games",
        "img": "assets/rdr2.jpg",
        "type": "Game"
    },
    {
        "title": "Portal 2",
        "link": "https://buzzheavier.com/jhbnag5ynrd9",
        "dev": "Valve",
        "img": "assets/portal2.jpg",
        "type": "Game"
    },
    {
        "title": "Half-Life: Source",
        "link": "https://buzzheavier.com/tmlymjbqv6bj",
        "dev": "Valve",
        "img": "assets/hlsource.jpg",
        "type": "Game"
    },
    {
        "title": "Half-Life (GoldSrc)",
        "link": "https://pixeldrain.com/u/cS3bCoyB",
        "dev": "Valve",
        "img": "assets/hl1.jpg",
        "type": "Game"
    },
    {
        "title": "Half-Life: Alyx",
        "link": "https://buzzheavier.com/igozc2odvagq",
        "dev": "Valve",
        "img": "assets/alyx.jpg",
        "type": "Game"
    },
    {
        "title": "Half-Life 2",
        "link": "https://buzzheavier.com/oqde6ntz13c7",
        "dev": "Valve",
        "img": "assets/hl2.jpg",
        "type": "Game"
    },
    {
        "title": "Saints Row 2",
        "link": "https://gofile.io/d/saints-row-2",
        "dev": "Volition",
        "img": "assets/sr2.jpg",
        "type": "Game"
    },
    {
        "title": "the rising front",
        "link": "http://fs20.megadb.xyz/rising-front",
        "dev": "SandandSuns",
        "img": "assets/rising.jpg",
        "type": "Game"
    },
    {
        "title": "dark souls II SOTFS",
        "link": "https://buzzheavier.com/qckuibkza9df",
        "dev": "FromSoftware",
        "img": "assets/ds2.jpg",
        "type": "Game"
    },
    {
        "title": "Marvel Spider-Man remastered",
        "link": "https://buzzheavier.com/716go6imtzta",
        "dev": "Insomniac Games",
        "img": "assets/spiderman.jpg",
        "type": "Game"
    },
    {
        "title": "rust",
        "link": "https://buzzheavier.com/w207jwkbhw7c",
        "dev": "Facepunch Studios",
        "img": "assets/rust.jpg",
        "type": "Game"
    },
    {
        "title": "party hard 2",
        "link": "http://fs20.megadb.xyz/party-hard-2",
        "dev": "Pinokl Games",
        "img": "assets/partyhard2.jpg",
        "type": "Game"
    },
    {
        "title": "hello neighbour hide & seek",
        "link": "https://buzzheavier.com/r8t0vcfsimao",
        "dev": "Dynamic Pixels",
        "img": "assets/neighbor.jpg",
        "type": "Game"
    },
    {
        "title": "FIFA 22",
        "link": "https://buzzheavier.com/ad0cnxe25dqn",
        "dev": "EA Sports",
        "img": "assets/fifa22.jpg",
        "type": "Game"
    }
]